JOB TITLES,MATCHING QUALITIES,,,,,,,,,,,,,,,,,,
Accountants and Auditors,"Getting Information
Working with Computers
Communicating with Supervisors, Peers, or Subordinates
Evaluating Information to Determine Compliance with Standards
Documenting/Recording Information
Processing Information
Making Decisions and Solving Problems
Organizing, Planning, and Prioritizing Work
Establishing and Maintaining Interpersonal Relationships
Analyzing Data or Information
Updating and Using Relevant Knowledge
Communicating with People Outside the Organization
Identifying Objects, Actions, and Events
Performing Administrative Activities
Interpreting the Meaning of Information for Others
Training and Teaching Others
Monitoring Processes, Materials, or Surroundings
Coordinating the Work and Activities of Others
Developing and Building Teams
Scheduling Work and Activities
Coaching and Developing Others
Guiding, Directing, and Motivating Subordinates
Thinking Creatively
Developing Objectives and Strategies
Providing Consultation and Advice to Others
Resolving Conflicts and Negotiating with Others
Monitoring and Controlling Resources
Judging the Qualities of Objects, Services, or People
Staffing Organizational Units
Estimating the Quantifiable Characteristics of Products, Events, or Information
Selling or Influencing Others
Assisting and Caring for Others
Performing for or Working Directly with the Public
Written Comprehension
Oral Expression
Deductive Reasoning
Mathematical Reasoning
Number Facility
Written Expression
Problem Sensitivity
Oral Comprehension
Inductive Reasoning
Information Ordering
Near Vision
Speech Recognition
Speech Clarity
Category Flexibility
Selective Attention
Fluency of Ideas
Flexibility of Closure
Originality
Work involves following procedures and regulations to organize information or data, typically in a business setting. Conventional occupations are often associated with office work, accounting, mathematics/statistics, information technology, finance, or human resources.Attention to Detail
Integrity
Dependability
Analytical Thinking
Cooperation
Stress Tolerance
Persistence
Initiative
Self-Control
Achievement/Effort
Adaptability/Flexibility
Independence
Leadership
Social Orientation
Concern for Others
Innovation",,,,,,,,,,,,,,,,,,
Athletes and Sports Competitors,"Getting Information
Making Decisions and Solving Problems
Analyzing Data or Information
Identifying Objects, Actions, and Events
Performing General Physical Activities
Establishing and Maintaining Interpersonal Relationships
Developing Objectives and Strategies
Communicating with Supervisors, Peers, or Subordinates
Processing Information
Coaching and Developing Others
Updating and Using Relevant Knowledge
Estimating the Quantifiable Characteristics of Products, Events, or Information
Organizing, Planning, and Prioritizing Work
Developing and Building Teams
Evaluating Information to Determine Compliance with Standards
Handling and Moving Objects
Performing for or Working Directly with the Public
Inspecting Equipment, Structures, or Materials
Scheduling Work and Activities
Thinking Creatively
Documenting/Recording Information
Communicating with People Outside the Organization
Coordinating the Work and Activities of Others
Monitoring Processes, Materials, or Surroundings
Controlling Machines and Processes
Providing Consultation and Advice to Others
Judging the Qualities of Objects, Services, or People
Monitoring and Controlling Resources
Resolving Conflicts and Negotiating with Others
Training and Teaching Others
Interpreting the Meaning of Information for Others
Guiding, Directing, and Motivating Subordinates
Operating Vehicles, Mechanized Devices, or Equipment
Selling or Influencing Others
Assisting and Caring for Others
Drafting, Laying Out, and Specifying Technical Devices, Parts, and Equipment
Repairing and Maintaining Mechanical Equipment
Working with Computers
Staffing Organizational Units
Repairing and Maintaining Electronic Equipment
Performing Administrative Activities
Realistic
Enterprising
Social
Attention to Detail
Stress Tolerance
Achievement/Effort
Self-Control
Persistence
Initiative
Integrity
Dependability
Leadership
Cooperation
Adaptability/Flexibility
Social Orientation
Concern for Others
Independence
Analytical Thinking
Innovation",,,,,,,,,,,,,,,,,,
Chiropractors,"Assisting and Caring for Others
Documenting/Recording Information
Getting Information
Making Decisions and Solving Problems
Updating and Using Relevant Knowledge
Identifying Objects, Actions, and Events
Performing General Physical Activities
Performing for or Working Directly with the Public
Oral Comprehension
Written Comprehension
Oral Expression
Problem Sensitivity
Deductive Reasoning
Inductive Reasoning
Written Expression
Information Ordering
Speech Clarity
Near Vision
Speech Recognition
Trunk Strength
Category Flexibility
Flexibility of Closure
Arm-Hand Steadiness
Multilimb Coordination
Fluency of Ideas
Selective Attention
Finger Dexterity
Originality
Speed of Closure
Perceptual Speed
Visualization
Manual Dexterity
Static Strength
Memorization
Time Sharing
Control Precision
Extent Flexibility
Mathematical Reasoning
Dynamic Strength
Number Facility
Gross Body Coordination
Far Vision
Wrist-Finger Speed
Stamina
Response Orientation
Reaction Time
Depth Perception
Gross Body Equilibrium
Hearing Sensitivity
Auditory Attention
Rate Control
Speed of Limb Movement
Visual Color Discrimination
Explosive Strength
Processing Information
Communicating with Supervisors, Peers, or Subordinates
Establishing and Maintaining Interpersonal Relationships
Working with Computers
Interpreting the Meaning of Information for Others
Developing Objectives and Strategies
Organizing, Planning, and Prioritizing Work
Monitoring and Controlling Resources
Evaluating Information to Determine Compliance with Standards
Scheduling Work and Activities
Performing Administrative Activities
Communicating with People Outside the Organization
Selling or Influencing Others
Coordinating the Work and Activities of Others
Developing and Building Teams
Analyzing Data or Information
Handling and Moving Objects
Monitoring Processes, Materials, or Surroundings
Judging the Qualities of Objects, Services, or People
Resolving Conflicts and Negotiating with Others
Guiding, Directing, and Motivating Subordinates
Thinking Creatively
Training and Teaching Others
Providing Consultation and Advice to Others
Coaching and Developing Others
Staffing Organizational Units
Controlling Machines and Processes
Estimating the Quantifiable Characteristics of Products, Events, or Information
Inspecting Equipment, Structures, or Materials
Repairing and Maintaining Electronic Equipment
Repairing and Maintaining Mechanical Equipment
Drafting, Laying Out, and Specifying Technical Devices, Parts, and Equipment
Operating Vehicles, Mechanized Devices, or Equipment
Social
Investigative
Realistic
Concern for Others
Integrity
Self-Control
Leadership
Dependability
Cooperation
Stress Tolerance
Attention to Detail
Independence
Initiative
Analytical Thinking
Social Orientation
Persistence
Adaptability/Flexibility
Achievement/Effort
Innovation",,,,,,,,,,,,,,,,,,
Computer Programmers,"Working with Computers
Processing Information
Getting Information
Analyzing Data or Information
Making Decisions and Solving Problems
Thinking Creatively
Identifying Objects, Actions, and Events
Updating and Using Relevant Knowledge
Communicating with Supervisors, Peers, or Subordinates
Estimating the Quantifiable Characteristics of Products, Events, or Information
Documenting/Recording Information
Developing Objectives and Strategies
Organizing, Planning, and Prioritizing Work
Evaluating Information to Determine Compliance with Standards
Developing and Building Teams
Interpreting the Meaning of Information for Others
Monitoring Processes, Materials, or Surroundings
Establishing and Maintaining Interpersonal Relationships
Providing Consultation and Advice to Others
Coordinating the Work and Activities of Others
Judging the Qualities of Objects, Services, or People
Communicating with People Outside the Organization
Training and Teaching Others
Coaching and Developing Others
Inspecting Equipment, Structures, or Materials
Guiding, Directing, and Motivating Subordinates
Monitoring and Controlling Resources
Scheduling Work and Activities
Assisting and Caring for Others
Selling or Influencing Others
Resolving Conflicts and Negotiating with Others
Performing Administrative Activities
Repairing and Maintaining Electronic Equipment
Staffing Organizational Units
Drafting, Laying Out, and Specifying Technical Devices, Parts, and Equipment
Controlling Machines and Processes
Performing General Physical Activities
Performing for or Working Directly with the Public
Handling and Moving Objects
Repairing and Maintaining Mechanical Equipment
Written Comprehension
Oral Comprehension
Near Vision
Problem Sensitivity
Deductive Reasoning
Inductive Reasoning
Information Ordering
Oral Expression
Written Expression
Speech Recognition
Mathematical Reasoning
Number Facility
Selective Attention
Speech Clarity
Fluency of Ideas
Originality
Flexibility of Closure
Category Flexibility
Perceptual Speed
Visualization
Far Vision
Memorization
Time Sharing
Finger Dexterity
Speed of Closure
Arm-Hand Steadiness
Manual Dexterity
Visual Color Discrimination
Auditory Attention
Control Precision
Investigative
Conventional
Realistic
Attention to Detail
Analytical Thinking
Integrity
Cooperation
Independence
Achievement/Effort
Initiative
Persistence
Dependability
Self-Control
Adaptability/Flexibility
Innovation
Stress Tolerance
Concern for Others
Leadership
Social Orientation",,,,,,,,,,,,,,,,,,
Dietitians and Nutritionists,"Assisting and Caring for Others
Getting Information
Updating and Using Relevant Knowledge
Documenting/Recording Information
Working with Computers
Interpreting the Meaning of Information for Others
Making Decisions and Solving Problems
Establishing and Maintaining Interpersonal Relationships
Analyzing Data or Information
Organizing, Planning, and Prioritizing Work
Training and Teaching Others
Providing Consultation and Advice to Others
Processing Information
Communicating with Supervisors, Peers, or Subordinates
Communicating with People Outside the Organization
Identifying Objects, Actions, and Events
Evaluating Information to Determine Compliance with Standards
Coaching and Developing Others
Performing for or Working Directly with the Public
Developing Objectives and Strategies
Thinking Creatively
Monitoring Processes, Materials, or Surroundings
Performing Administrative Activities
Scheduling Work and Activities
Resolving Conflicts and Negotiating with Others
Guiding, Directing, and Motivating Subordinates
Coordinating the Work and Activities of Others
Monitoring and Controlling Resources
Developing and Building Teams
Judging the Qualities of Objects, Services, or People
Selling or Influencing Others
Estimating the Quantifiable Characteristics of Products, Events, or Information
Staffing Organizational Units
Inspecting Equipment, Structures, or Materials
Performing General Physical Activities
Handling and Moving Objects
Controlling Machines and Processes
Oral Comprehension
Written Comprehension
Oral Expression
Written Expression
Problem Sensitivity
Deductive Reasoning
Inductive Reasoning
Speech Clarity
Category Flexibility
Information Ordering
Speech Recognition
Originality
Near Vision
Fluency of Ideas
Mathematical Reasoning
Number Facility
Selective Attention
Flexibility of Closure
Perceptual Speed
Memorization
Far Vision
Time Sharing
Visualization
Visual Color Discrimination
Speed of Closure
Auditory Attention
Finger Dexterity
Trunk Strength
Hearing Sensitivity
Depth Perception
Wrist-Finger Speed
Investigative
Social
Enterprising
Realistic
Artistic
Conventional
Integrity
Concern for Others
Dependability
Attention to Detail
Cooperation
Analytical Thinking
Initiative
Self-Control
Social Orientation
Independence
Adaptability/Flexibility
Achievement/Effort
Leadership
Stress Tolerance
Persistence
Innovation",,,,,,,,,,,,,,,,,,
"Education Teachers, Postsecondary","Training and Teaching Others
Getting Information
Organizing, Planning, and Prioritizing Work
Judging the Qualities of Objects, Services, or People
Making Decisions and Solving Problems
Communicating with Supervisors, Peers, or Subordinates
Coaching and Developing Others
Thinking Creatively
Working with Computers
Establishing and Maintaining Interpersonal Relationships
Monitoring Processes, Materials, or Surroundings
Updating and Using Relevant Knowledge
Interpreting the Meaning of Information for Others
Developing Objectives and Strategies
Identifying Objects, Actions, and Events
Processing Information
Documenting/Recording Information
Analyzing Data or Information
Communicating with People Outside the Organization
Evaluating Information to Determine Compliance with Standards
Scheduling Work and Activities
Coordinating the Work and Activities of Others
Developing and Building Teams
Providing Consultation and Advice to Others
Performing Administrative Activities
Guiding, Directing, and Motivating Subordinates
Assisting and Caring for Others
Staffing Organizational Units
Resolving Conflicts and Negotiating with Others
Estimating the Quantifiable Characteristics of Products, Events, or Information
Performing for or Working Directly with the Public
Monitoring and Controlling Resources
Selling or Influencing Others
Inspecting Equipment, Structures, or Materials
Operating Vehicles, Mechanized Devices, or Equipment
Performing General Physical Activities
Social
Artistic
Investigative
Enterprising
Analytical Thinking
Achievement/Effort
Initiative
Integrity
Dependability
Persistence
Independence
Cooperation
Attention to Detail
Self-Control
Leadership
Concern for Others
Adaptability/Flexibility
Stress Tolerance
Innovation
Social Orientation
Conventional
Oral Expression
Speech Clarity
Oral Comprehension
Written Comprehension
Written Expression
Deductive Reasoning
Inductive Reasoning
Near Vision
Speech Recognition
Problem Sensitivity
Fluency of Ideas
Originality
Information Ordering
Category Flexibility
Selective Attention
Far Vision
Memorization
Mathematical Reasoning
Number Facility
Speed of Closure
Flexibility of Closure",,,,,,,,,,,,,,,,,,
Microbiologists,"Getting Information
Documenting/Recording Information
Updating and Using Relevant Knowledge
Processing Information
Identifying Objects, Actions, and Events
Working with Computers
Analyzing Data or Information
Communicating with Supervisors, Peers, or Subordinates
Interpreting the Meaning of Information for Others
Making Decisions and Solving Problems
Monitoring Processes, Materials, or Surroundings
Organizing, Planning, and Prioritizing Work
Evaluating Information to Determine Compliance with Standards
Training and Teaching Others
Scheduling Work and Activities
Establishing and Maintaining Interpersonal Relationships
Coaching and Developing Others
Thinking Creatively
Guiding, Directing, and Motivating Subordinates
Communicating with People Outside the Organization
Inspecting Equipment, Structures, or Materials
Controlling Machines and Processes
Estimating the Quantifiable Characteristics of Products, Events, or Information
Developing Objectives and Strategies
Providing Consultation and Advice to Others
Performing Administrative Activities
Judging the Qualities of Objects, Services, or People
Handling and Moving Objects
Monitoring and Controlling Resources
Coordinating the Work and Activities of Others
Developing and Building Teams
Staffing Organizational Units
Resolving Conflicts and Negotiating with Others
Performing General Physical Activities
Assisting and Caring for Others
Repairing and Maintaining Electronic Equipment
Repairing and Maintaining Mechanical Equipment
Selling or Influencing Others
Operating Vehicles, Mechanized Devices, or Equipment
Drafting, Laying Out, and Specifying Technical Devices, Parts, and Equipment
Performing for or Working Directly with the Public
Written Comprehension
Inductive Reasoning
Written Expression
Oral Comprehension
Oral Expression
Problem Sensitivity
Deductive Reasoning
Information Ordering
Category Flexibility
Fluency of Ideas
Flexibility of Closure
Near Vision
Selective Attention
Speech Recognition
Originality
Speech Clarity
Mathematical Reasoning
Number Facility
Perceptual Speed
Visualization
Finger Dexterity
Visual Color Discrimination
Speed of Closure
Arm-Hand Steadiness
Control Precision
Far Vision
Manual Dexterity
Memorization
Time Sharing
Multilimb Coordination
Trunk Strength
Depth Perception
Rate Control
Reaction Time
Wrist-Finger Speed
Static Strength
Hearing Sensitivity
Auditory Attention
Response Orientation
Investigative
Realistic
Conventional
Enterprising
Social
Artistic
Attention to Detail
Integrity
Analytical Thinking
Dependability
Cooperation
Persistence
Initiative
Adaptability/Flexibility
Achievement/Effort
Stress Tolerance
Independence
Self-Control
Concern for Others
Leadership
Innovation
Social Orientation",,,,,,,,,,,,,,,,,,
Actors,"Establishing and Maintaining Interpersonal Relationships
Thinking Creatively
Performing for or Working Directly with the Public
Performing General Physical Activities
Communicating with Supervisors, Peers, or Subordinates
Getting Information
Communicating with People Outside the Organization
Identifying Objects, Actions, and Events
Handling and Moving Objects
Monitoring Processes, Materials, or Surroundings
Organizing, Planning, and Prioritizing Work
Making Decisions and Solving Problems
Documenting/Recording Information
Training and Teaching Others
Assisting and Caring for Others
Scheduling Work and Activities
Interpreting the Meaning of Information for Others
Resolving Conflicts and Negotiating with Others
Coordinating the Work and Activities of Others
Developing and Building Teams
Coaching and Developing Others
Judging the Qualities of Objects, Services, or People
Updating and Using Relevant Knowledge
Guiding, Directing, and Motivating Subordinates
Inspecting Equipment, Structures, or Materials
Working with Computers
Developing Objectives and Strategies
Estimating the Quantifiable
Characteristics of Products, Events, or Information
Analyzing Data or Information
Selling or Influencing Others
Providing Consultation and Advice to Others 
Performing Administrative Activities
Monitoring and Controlling Resources
Evaluating Information to Determine
Compliance with Standards 
Processing Information
Controlling Machines and Processes
Operating Vehicles, Mechanized Devices, or Equipment
Staffing Organizational Units
Repairing and Maintaining Mechanical Equipment
Drafting, Laying Out, and Specifying
Technical Devices, Parts, and Equipment
Repairing and Maintaining Electronic Equipment
Oral Expression
Oral Comprehension
Written Comprehension
Memorization
Speech Clarity
Originality
Near Vision
Problem Sensitivity
Fluency of Ideas
Selective Attention
Speech Recognition
Written Expression
Deductive Reasoning
Inductive Reasoning
Information Ordering
Category Flexibility
Time Sharing
Visualization
Trunk Strength
Far Vision
Flexibility of Closure
Gross Body Coordination
Speed of Closure
Perceptual Speed
Arm-Hand Steadiness
Manual Dexterity
Finger Dexterity
Multilimb Coordination
Static Strength
Dynamic Strength
Stamina
Extent Flexibility
Gross Body Equilibrium
Visual Color Discrimination
Auditory Attention
Glare Sensitivity
Hearing Sensitivity
Explosive Strength
Number Facility
Wrist-Finger Speed
Mathematical Reasoning
Spatial Orientation
Control Precision
Response Orientation
Rate Control
Reaction Time
Speed of Limb Movement
Dynamic Flexibility
Night Vision
Peripheral Vision
Depth Perception
Sound Localization
Artistic
Enterprising
Social
Realistic
Conventional
Investigative
Cooperation
Persistence
Initiative
Social Orientation
Adaptability/Flexibility
Dependability
Achievement/Effort
Stress Tolerance
Self-Control
Concern for Others
Attention to Detail
Integrity
Independence
Leadership
Analytical Thinking
",,,,,,,,,,,,,,,,,,
Lawyers,"Getting Information
Evaluating Information to Determine Compliance with Standards
Making Decisions and Solving Problems
Resolving Conflicts and Negotiating with Others
Providing Consultation and Advice to Others
Interpreting the Meaning of Information for Others
Identifying Objects, Actions, and Events
Updating and Using Relevant Knowledge
Processing Information
Working with Computers
Establishing and Maintaining
Interpersonal Relationships
Communicating with People Outside the Organization
Analyzing Data or Information
Documenting/Recording Information
Judging the Qualities of Objects, Services, or People
Organizing, Planning, and Prioritizing Work
Thinking Creatively
Performing for or Working Directly with the Public
Performing Administrative Activities
Scheduling Work and Activities
Communicating with Supervisors, Peers, or Subordinates
Selling or Influencing Others
Monitoring Processes, Materials, or Surroundings
Coordinating the Work and Activities of Others
Developing and Building Teams
Estimating the Quantifiable Characteristics of Products, Events, or Information
Developing Objectives and Strategies
Guiding, Directing, and Motivating Subordinates
Training and Teaching Others
Monitoring and Controlling Resources
Assisting and Caring for Others
Coaching and Developing Others
Inspecting Equipment, Structures, or Materials
Staffing Organizational Units
Repairing and Maintaining Electronic Equipment
Controlling Machines and Processes
Handling and Moving Objects
Performing General Physical Activities
Operating Vehicles, Mechanized Devices, or Equipment
Repairing and Maintaining Mechanical Equipment
Drafting, Laying Out, and Specifying
Technical Devices, Parts, and Equipment
Oral Expression
Oral Comprehension
Written Comprehension
Speech Clarity
Written Expression
Deductive Reasoning
Inductive Reasoning
Problem Sensitivity
Information Ordering
Near Vision
Fluency of Ideas
Category Flexibility
Originality
Selective Attention
Speech Recognition
Memorization
Far Vision
Speed of Closure
Flexibility of Closure
Time Sharing
Mathematical Reasoning
Enterprising
Investigative
Artistic
Conventional
Social
Realistic
Dependability
Analytical Thinking
Integrity
Attention to Detail
Stress Tolerance
Initiative
Self-Control
Achievement/Effort
Persistence
Adaptability/Flexibility
Cooperation
Independence
Concern for Others
Leadership
Social Orientation
Innovation
 ",,,,,,,,,,,,,,,,,,
Recycling Coordinators,"Making Decisions and Solving Problems
Communicating with Supervisors, Peers, or Subordinates
Scheduling Work and Activities
Communicating with People Outside the Organization
Organizing, Planning, and Prioritizing Work
Working with Computers
Documenting/Recording Information
Getting Information
Processing Information
Establishing and Maintaining Interpersonal Relationships
Judging the Qualities of Objects, Services, or People
Resolving Conflicts and Negotiating with Others
Evaluating Information to Determine Compliance with Standards
Coordinating the Work and Activities of Others
Updating and Using Relevant Knowledge
Developing Objectives and Strategies
Selling or Influencing Others
Guiding, Directing, and Motivating Subordinates
Developing and Building Teams
Monitoring Processes, Materials, or Surroundings
Analyzing Data or Information
Performing for or Working Directly with the Public
Training and Teaching Others
Coaching and Developing Others
Thinking Creatively
Monitoring and Controlling Resources
Performing Administrative Activities
Inspecting Equipment, Structures, or Materials
Estimating the Quantifiable Characteristics of Products, Events, or Information
Operating Vehicles, Mechanized Devices, or Equipment
Interpreting the Meaning of Information for Others
Staffing Organizational Units
Identifying Objects, Actions, and Events
Providing Consultation and Advice to Others
Handling and Moving Objects
Assisting and Caring for Others
Controlling Machines and Processes
Performing General Physical Activities
Repairing and Maintaining Mechanical Equipment
Drafting, Laying Out, and Specifying Technical Devices, Parts, and Equipment
Repairing and Maintaining Electronic Equipment
Oral Comprehension
Oral Expression
Speech Recognition
Speech Clarity
Deductive Reasoning
Information Ordering
Written Comprehension
Problem Sensitivity
Inductive Reasoning
Near Vision
Category Flexibility
Written Expression
Selective Attention
Fluency of Ideas
Mathematical Reasoning
Number Facility
Flexibility of Closure: The ability to identify or detect a known pattern (a figure, object, word, or sound) that is hidden in other distracting material.
Cooperation
Dependability
Leadership
Attention to Detail
Self-Control
Adaptability/Flexibility
Independence
Initiative
Stress Tolerance
Concern for Others
Integrity
Achievement/Effort
Persistence
Innovation
Analytical Thinking
Social Orientation
Cooperation
Dependability
Leadership
Attention to Detail
Self-Control
Adaptability/Flexibility
Independence
Initiative
Stress Tolerance
Concern for Others
Integrity
Achievement/Effort
Persistence
Innovation
Analytical Thinking
Social Orientation
 
 ",,,,,,,,,,,,,,,,,,
Sociologists,"Getting Information
Analyzing Data or Information
Processing Information
Interpreting the Meaning of Information for Others
Updating and Using Relevant Knowledge
Thinking Creatively
Working with Computers
Training and Teaching Others
Documenting/Recording Information
Identifying Objects, Actions, and Events
Organizing, Planning, and Prioritizing Work
Making Decisions and Solving Problems
Communicating with Supervisors, Peers, or Subordinates
Communicating with People Outside the Organization
Establishing and Maintaining Interpersonal Relationships
Judging the Qualities of Objects, Services, or People
Developing Objectives and Strategies
Estimating the Quantifiable Characteristics of Products, Events, or Information
Coordinating the Work and Activities of Others
Scheduling Work and Activities
Providing Consultation and Advice to Others
Coaching and Developing Others
 Monitoring Processes, Materials, or Surroundings
Performing for or Working Directly with the Public
Guiding, Directing, and Motivating Subordinates
Evaluating Information to Determine Compliance with Standards
Performing Administrative Activities
Developing and Building Teams
Resolving Conflicts and Negotiating with Others
Monitoring and Controlling Resources
Assisting and Caring for Others
Staffing Organizational Units
Selling or Influencing Others
Inspecting Equipment, Structures, or Materials
Performing General Physical Activities
Controlling Machines and Processes
Handling and Moving Objects
Repairing and Maintaining Electronic Equipment
Operating Vehicles, Mechanized Devices, or Equipment
Drafting, Laying Out, and Specifying Technical Devices, Parts, and Equipment
Repairing and Maintaining MechanicalEquipment
Oral Comprehension
Oral Expression
Written Comprehension
Written Expression
Inductive Reasoning
Deductive Reasoning
Speech Clarity
Near Vision
Speech Recognition
Problem Sensitivity
Category Flexibility
Fluency of Ideas
Originality
Information Ordering
Mathematical Reasoning
Investigative
Artistic
Social
Conventional
Realistic
Enterprising",,,,,,,,,,,,,,,,,,"Analytical Thinking
Persistence
Initiative
Achievement/Effort
Integrity
Independence
Attention to Detail
Innovation
Stress Tolerance
Social Orientation
Dependability
Adaptability/Flexibility
Concern for Others
Self-Control
Cooperation
Leadership
 "
Surgical Assistants,"Assisting and Caring for Others
Identifying Objects, Actions, and Events
Making Decisions and Solving Problems
Monitoring Processes, Materials, or Surroundings
Getting Information
Communicating with Supervisors, Peers, or Subordinates
Establishing and Maintaining Interpersonal Relationships
Inspecting Equipment, Structures, or Materials
Performing General Physical Activities
Handling and Moving Objects
Updating and Using Relevant Knowledge
Evaluating Information to Determine Compliance with Standards
Organizing, Planning, and Prioritizing Work
Controlling Machines and Processes
Performing for or Working Directly with the Public
Judging the Qualities of Objects, Services, or People
Documenting/Recording Information
Processing Information
Interpreting the Meaning of Information for Others
Training and Teaching Others
Estimating the Quantifiable Characteristics of Products, Events, or Information
Working with Computers
Developing and Building Teams
Thinking Creatively
Coaching and Developing Others
Providing Consultation and Advice to Others
Analyzing Data or Information
Resolving Conflicts and Negotiating with Others
Developing Objectives and Strategies
Guiding, Directing, and Motivating Subordinates
Communicating with People Outside the Organization
Coordinating the Work and Activities of Others
Scheduling Work and Activities
Monitoring and Controlling Resources
Performing Administrative Activities
Selling or Influencing Others
Repairing and Maintaining Electronic Equipment
Operating Vehicles, Mechanized Devices, or Equipment
Repairing and Maintaining Mechanical Equipment
Drafting, Laying Out, and Specifying Technical Devices, Parts, and Equipment
Staffing Organizational Units
Oral Comprehension
Arm-Hand Steadiness
Finger Dexterity
Near Vision
Oral Expression
Problem Sensitivity
Speech Clarity
Written Comprehension
Visual Color Discrimination
Speech Recognition
Information Ordering
Control Precision
Deductive Reasoning
Inductive Reasoning
Selective Attention
Manual Dexterity
Perceptual Speed
Multilimb Coordination
Written Expression
Flexibility of Closure
Hearing Sensitivity
Category Flexibility
Visualization
Reaction Time
Trunk Strength
Auditory Attention
Memorization
Speed of Closure
Time Sharing
Wrist-Finger Speed
Static Strength
 Conventional
Social
Realistic
Investigative
Enterprising
Artistic
Self-Control
Dependability
Attention to Detail
Integrity
Stress Tolerance
Concern for Others
Adaptability/Flexibility
Cooperation
Achievement/Effort
Persistence
Initiative
Independence
Social Orientation
Analytical Thinking
Leadership
Innovation
 ",,,,,,,,,,,,,,,,,,
Veterinarians,"Making Decisions and Solving Problems
Getting Information
Updating and Using Relevant Knowledge
Identifying Objects, Actions, and Events
Documenting/Recording Information
Performing for or Working Directly with the Public
Establishing and Maintaining Interpersonal Relationships
Interpreting the Meaning of Information for Others
Monitoring Processes, Materials, or Surroundings
Communicating with Supervisors, Peers, or Subordinates
Processing Information
Analyzing Data or Information
Assisting and Caring for Others
Communicating with People Outside the Organization
Selling or Influencing Others
Inspecting Equipment, Structures, or Materials
Evaluating Information to Determine Compliance with Standards
Working with Computers
Developing and Building Teams
Organizing, Planning, and Prioritizing Work
Coordinating the Work and Activities of Others
Estimating the Quantifiable Characteristics of Products, Events, or Information
Judging the Qualities of Objects, Services, or People
Training and Teaching Others
Guiding, Directing, and Motivating Subordinates
Performing General Physical Activities
Resolving Conflicts and Negotiating with Others
Handling and Moving Objects
Developing Objectives and Strategies
Providing Consultation and Advice to Others
Thinking Creatively
Coaching and Developing Others
Controlling Machines and Processes
Performing Administrative Activities
Scheduling Work and Activities
Monitoring and Controlling Resources
Staffing Organizational Units
Repairing and Maintaining Mechanical Equipment
Operating Vehicles, Mechanized Devices, or Equipment
Repairing and Maintaining Electronic Equipment
Drafting, Laying Out, and Specifying Technical Devices, Parts, and Equipment
Oral Comprehension
Written Comprehension
Oral Expression
Problem Sensitivity
Deductive Reasoning
Inductive Reasoning
Near Vision
Information Ordering
Written Expression
Speech Recognition
Speech Clarity
Category Flexibility
Flexibility of Closure
Mathematical Reasoning
Selective Attention
Finger Dexterity
Fluency of Ideas
Originality
Number Facility
Arm-Hand Steadiness
Manual Dexterity
Control Precision
Far Vision
Investigative
Realistic
Social
Conventional
Artistic
Enterprising
Integrity
Attention to Detail
Analytical Thinking
Stress Tolerance
Dependability
Cooperation
Concern for Others
Self-Control
Leadership
Persistence
Social Orientation
Independence
Achievement/Effort
Initiative
Adaptability/Flexibility
Innovation",,,,,,,,,,,,,,,,,,
Web Developers,"Working with Computers
Getting Information
Thinking Creatively
Updating and Using Relevant Knowledge
Making Decisions and Solving Problems
Processing Information
Organizing, Planning, and Prioritizing Work
Communicating with Supervisors, Peers, or Subordinates
Identifying Objects, Actions, and Events
Analyzing Data or Information
Establishing and Maintaining Interpersonal Relationships
Scheduling Work and Activities
Documenting/Recording Information
Estimating the Quantifiable Characteristics of Products, Events, or Information
Evaluating Information to Determine Compliance with Standards
Developing Objectives and Strategies
Interpreting the Meaning of Information for Others
Providing Consultation and Advice to Others
Developing and Building Teams
Judging the Qualities of Objects, Services, or People
Communicating with People Outside the Organization
Monitoring Processes, Materials, or Surroundings
Resolving Conflicts and Negotiating with Others
Training and Teaching Others
Coordinating the Work and Activities of Others
Guiding, Directing, and Motivating Subordinates
Performing Administrative Activities
Coaching and Developing Others
Inspecting Equipment, Structures, or Materials
Monitoring and Controlling Resources
Selling or Influencing Others
Controlling Machines and Processes
Staffing Organizational Units
Assisting and Caring for Others
Performing for or Working Directly with the Public
Repairing and Maintaining Electronic Equipment
Drafting, Laying Out, and Specifying Technical Devices, Parts, and Equipment
Performing General Physical Activities
Handling and Moving Objects
Operating Vehicles, Mechanized Devices, or Equipment
Repairing and Maintaining Mechanical Equipment
Oral Comprehension
Written Comprehension
Problem Sensitivity
Near Vision
Inductive Reasoning
Information Ordering
Speech Recognition
Speech Clarity
Oral Expression
Fluency of Ideas
Category Flexibility
Written Expression
Originality
Mathematical Reasoning
Flexibility of Closure
Visualization
Selective Attention
Perceptual Speed
Conventional
Investigative
Realistic
Artistic
Enterprising
Social
Attention to Detail
Persistence
Analytical Thinking
Dependability
Adaptability/Flexibility
Initiative
Stress Tolerance
Integrity
Innovation
Cooperation
Achievement/Effort
Independence
Self-Control
Leadership
Concern for Others
Social Orientation",,,,,,,,,,,,,,,,,,
Aerospace Engineers ,"Working with Computers(97),Processing Information(89), Making Decisions and Solving Problems(87),Getting Information(84),Identifying Objects, Actions, and Events(84),Updating and Using Relevant Knowledge(84), Thinking Creatively(83), Documenting/Recording Information(83), Communicating with Supervisors, Peers, or Subordinates(82), Monitoring Processes, Materials, or Surroundings(76), Interpreting the Meaning of Information for Others(76),Organizing, Planning, and Prioritizing Work(75),Judging the Qualities of Objects, Services, or People(70), Evaluating Information to Determine Compliance with Standards(66), Establishing and Maintaining Interpersonal Relationships(65), Providing Consultation and Advice to Others(63), Training and Teaching Others(62), Drafting, Laying Out, and Specifying Technical Devices, Parts, and Equipment(61), Communicating with People Outside the Organization(60), Inspecting Equipment, Structures, or Materials(59), Estimating the Quantifiable Characteristics of Products, Events, or Information(56), Scheduling Work and Activities(55), Coordinating the Work and Activities of Others(53), Developing Objectives and Strategies(51), Developing and Building Teams(50), Coaching and Developing Others(47), Guiding, Directing, and Motivating Subordinates(42), Performing Administrative Activities(37), Monitoring and Controlling Resources(37),Controlling Machines and Processes(36), Resolving Conflicts and Negotiating with Others(36),Selling or Influencing Others(34),Repairing and Maintaining Electronic Equipment(28),Staffing Organizational Units(28),Operating Vehicles, Mechanized Devices, or Equipment(25),Repairing and Maintaining Mechanical Equipment(24),Performing General Physical Activities(22),Handling and Moving Objects(20),Assisting and Caring for Others(20)
Written Comprehension,Problem Sensitivity,Deductive Reasoning,Inductive Reasoning,Information Ordering,Oral Comprehension,Oral Expression,Written Expression,Mathematical Reasoning,Near Vision,Speech Clarity,Fluency of Ideas,Category Flexibility,Originality,Number Facility,Speech Recognition,Visualization,Flexibility of Closure,Far Vision,Perceptual Speed,Selective Attention,Visual Color Discrimination
Investigative
Attention to Detail,Analytical Thinking,Dependability,Initiative,Stress Tolerance,Adaptability/Flexibility,Achievement/Effort,Persistence,Innovation,Cooperation,Integrity,Independence,Leadership,Self-Control
Written Comprehension,Problem Sensitivity,Deductive Reasoning,Inductive Reasoning,Information Ordering,Oral Comprehension,Oral Expression,Written Expression,Mathematical Reasoning,Near Vision,Speech Clarity,Fluency of Ideas,Category Flexibility,Originality,Number Facility,Speech Recognition,Visualization,Flexibility of Closure,Far Vision,Perceptual Speed,Selective Attention,Visual Color Discrimination
Investigative
Attention to Detail,Analytical Thinking,Dependability,Initiative,Stress Tolerance,Adaptability/Flexibility,Achievement/Effort,Persistence,Innovation,Cooperation,Integrity,Independence,Leadership,Self-Control",,,,,,,,,,,,,,,,,,
"Agents and business Managers of Artist, performers and athletes","Getting Information, Establishing and Maintaining Interpersonal Relationships,Thinking Creatively,Communicating with People Outside the Organization,Updating and Using Relevant Knowledge,Organizing, Planning, and Prioritizing Work,Scheduling Work and Activities,Working with Computers,Selling or Influencing Others,Making Decisions and Solving Problems,Communicating with Supervisors, Peers, or Subordinates,Identifying Objects, Actions, and Events,Developing Objectives and Strategies,Resolving Conflicts and Negotiating with Others,Coordinating the Work and Activities of Others,Providing Consultation and Advice to Others,Judging the Qualities of Objects, Services, or People,Performing Administrative Activities,Documenting/Recording Information,Interpreting the Meaning of Information for Others,Developing and Building Teams,Analyzing Data or Information,Performing for or Working Directly with the Public,Coaching and Developing Others,Evaluating Information to Determine Compliance with Standards,Monitoring Processes, Materials, or Surroundings,Processing Information,Monitoring and Controlling Resources,Estimating the Quantifiable Characteristics of Products, Events, or Information,Assisting and Caring for Others,Guiding, Directing, and Motivating Subordinates,Training and Teaching Others,Staffing Organizational Units,Handling and Moving Objects,Performing General Physical Activities
Oral Expression,Oral Comprehension,Written Comprehension,Problem Sensitivity,Speech Recognition,Speech Clarity,Deductive Reasoning,Written Expression,Inductive Reasoning,Near Vision,Fluency of Ideas,Information Ordering,Originality,Category Flexibility
Enterprising
Persistence,Initiative,Initiative,Integrity,Attention to Detail,Cooperation,Achievement/Effort,Adaptability/Flexibility,Social Orientation,Self-Control,Independence,Concern for Others,Stress Tolerance,Leadership,Innovation,Analytical Thinking,",,,,,,,,,,,,,,,,,,
Agricultural Engineers,"Making Decisions and Solving Problems,Working with Computers,Getting Information,Processing Information,Analyzing Data or Information,Communicating with Supervisors, Peers, or Subordinates,Communicating with People Outside the Organization,Updating and Using Relevant Knowledge,Drafting, Laying Out, and Specifying Technical Devices, Parts, and Equipment,Thinking Creatively,Inspecting Equipment, Structures, or Materials,Monitoring Processes, Materials, or Surroundings,Organizing, Planning, and Prioritizing Work,Identifying Objects, Actions, and Events,Evaluating Information to Determine Compliance with Standards,Establishing and Maintaining Interpersonal Relationships,Scheduling Work and Activities,Providing Consultation and Advice to Others,Interpreting the Meaning of Information for Others,Estimating the Quantifiable Characteristics of Products, Events, or Information,Documenting/Recording Information,Coordinating the Work and Activities of Others,Developing Objectives and Strategies,Guiding, Directing, and Motivating Subordinates,Monitoring and Controlling Resources,Developing and Building Teams,Judging the Qualities of Objects, Services, or People,Coaching and Developing Others,Performing for or Working Directly with the Public,Training and Teaching Others,Resolving Conflicts and Negotiating with Others,Operating Vehicles, Mechanized Devices, or Equipment,Selling or Influencing Others,Performing Administrative Activities,Staffing Organizational Units,Repairing and Maintaining Electronic Equipment,Performing General Physical Activities,Controlling Machines and Processes,Repairing and Maintaining Mechanical Equipment,Handling and Moving Objects,Assisting and Caring for Others

Oral Comprehension,Written Comprehension,Inductive Reasoning,Oral Expression,Problem Sensitivity,Deductive Reasoning,Written Expression,Category Flexibility,Near Vision,Information Ordering,Visualization,Speech Recognition,Speech Clarity,Fluency of Ideas,Originality,Mathematical Reasoning,Number Facility,Flexibility of Closure,Selective Attention,Time Sharing,
Investigative
Attention to Detail,Integrity,Analytical Thinking,Dependability,
Initiative,Cooperation,Persistence,Innovation,Achievement/Effort,Adaptability,Flexibility,Self-Control,Stress Tolerance,Independence,Leadership,Concern for Others",,,,,,,,,,,,,,,,,,
Agricultural Equipments Operators ," Operating Vehicles, Mechanized Devices, or Equipment 
Inspecting Equipment, Structures, or Materials
Establishing and Maintaining Interpersonal Relationships
Handling and Moving Objects
Controlling Machines and Processes
Processing Information
Performing General Physical Activities
Communicating with Supervisors, Peers, or Subordinates
Repairing and Maintaining Mechanical Equipment
Identifying Objects, Actions, and Events
Resolving Conflicts and Negotiating with Others
Coordinating the Work and Activities of Others
Guiding, Directing, and Motivating Subordinates
Developing and Building Teams
Monitoring Processes, Materials, or Surroundings
Updating and Using Relevant Knowledge
Getting Information
Assisting and Caring for Others
Evaluating Information to Determine Compliance with Standards
Thinking Creatively
Monitoring and Controlling Resources
Training and Teaching Others
Documenting/Recording Information
Coaching and Developing Others
Repairing and Maintaining Electronic Equipment
Estimating the Quantifiable Characteristics of Products, Events, or Information
Judging the Qualities of Objects, Services, or People
Interpreting the Meaning of Information for Others
Providing Consultation and Advice to Others
Making Decisions and Solving Problems
Working with Computers
Organizing, Planning, and Prioritizing Work
Developing Objectives and Strategies
Scheduling Work and Activities
Analyzing Data or Information
Selling or Influencing Others
Communicating with People Outside the Organization
Performing Administrative Activities
Performing for or Working Directly with the Public
Staffing Organizational Units
Drafting, Laying Out, and Specifying Technical Devices, Parts, and Equipment
Control Precision
Multilimb Coordination
Near Vision
Problem Sensitivity
Far Vision
Depth Perception
Oral Comprehension
Arm-Hand Steadiness
Response Orientation
Rate Control
Reaction Time
Oral Expression
Manual Dexterity
Static Strength
Trunk Strength
Hearing Sensitivity
Speech Clarity
Deductive Reasoning
Information Ordering
Finger Dexterity
Extent Flexibility
Speech Recognition
Realistic
Persistence
Dependability
Cooperation
Attention to Detail
Independence
Initiative
Integrity
Achievement/Effort
Stress Tolerance
Concern for Others
Self-Control
Adaptability/Flexibility
Leadership
Innovation
Social Orientation
Analytical Thinking",,,,,,,,,,,,,,,,,,
Agricultural Inspectors,"Documenting/Recording Information
Evaluating Information to Determine Compliance with Standards
Communicating with Supervisors, Peers, or Subordinates
Getting Information
Identifying Objects, Actions, and Events
Establishing and Maintaining Interpersonal Relationships
Making Decisions and Solving Problems
Inspecting Equipment, Structures, or Materials
Organizing, Planning, and Prioritizing Work
Working with Computers
Communicating with People Outside the Organization
Judging the Qualities of Objects, Services, or People
Updating and Using Relevant Knowledge
Monitoring Processes, Materials, or Surroundings
Processing Information
Interpreting the Meaning of Information for Others
Training and Teaching Others
Resolving Conflicts and Negotiating with Others
Performing General Physical Activities
Operating Vehicles, Mechanized Devices, or Equipment
Performing for or Working Directly with the Public
Analyzing Data or Information
Performing Administrative Activities
Estimating the Quantifiable Characteristics of Products, Events, or Information
Scheduling Work and Activities
Handling and Moving Objects
Coordinating the Work and Activities of Others
Providing Consultation and Advice to Others
Developing and Building Teams
Thinking Creatively
Coaching and Developing Others
Assisting and Caring for Others
Guiding, Directing, and Motivating Subordinates
Controlling Machines and Processes
Selling or Influencing Others
Developing Objectives and Strategies
Repairing and Maintaining Electronic Equipment
Monitoring and Controlling Resources
Staffing Organizational Units
Repairing and Maintaining Mechanical Equipment
Drafting, Laying Out, and Specifying Technical Devices, Parts, and Equipment
Problem Sensitivity
Oral Comprehension
Deductive Reasoning
Inductive Reasoning
Near Vision
Oral Expression
Written Comprehension
Flexibility of Closure
Far Vision
Speech Clarity
Perceptual Speed
Speech Recognition
Written Expression
Information Ordering
Category Flexibility
Speed of Closure
Selective Attention
Auditory Attention
Realistic
Dependability
Integrity
Attention to Detail
Cooperation
Self-Control
Concern for Others
Stress Tolerance
Adaptability/Flexibility
Leadership
Independence
Analytical Thinking
Initiative
Achievement/Effort
Persistence
Innovation
Social Orientation",,,,,,,,,,,,,,,,,,
"Agricultural Sciences Teachers, Postsecondary","Training and Teaching Others
Communicating with Supervisors, Peers, or Subordinates
Getting Information
Making Decisions and Solving Problems
Establishing and Maintaining Interpersonal Relationships
Updating and Using Relevant Knowledge
Identifying Objects, Actions, and Events
Interpreting the Meaning of Information for Others
Communicating with People Outside the Organization
Coaching and Developing Others
Organizing, Planning, and Prioritizing Work
Guiding, Directing, and Motivating Subordinates
Documenting/Recording Information
Coordinating the Work and Activities of Others
Thinking Creatively
Scheduling Work and Activities
Developing Objectives and Strategies
Monitoring Processes, Materials, or Surroundings
Developing and Building Teams
Processing Information
Analyzing Data or Information
Working with Computers
Evaluating Information to Determine Compliance with Standards
Judging the Qualities of Objects, Services, or People
Staffing Organizational Units
Estimating the Quantifiable Characteristics of Products, Events, or Information
Performing Administrative Activities
Assisting and Caring for Others
Providing Consultation and Advice to Others
Monitoring and Controlling Resources
Performing for or Working Directly with the Public
Resolving Conflicts and Negotiating with Others
Performing General Physical Activities
Handling and Moving Objects
Selling or Influencing Others
Inspecting Equipment, Structures, or Materials
Controlling Machines and Processes
Operating Vehicles, Mechanized Devices, or Equipment
Drafting, Laying Out, and Specifying Technical Devices, Parts, and Equipment
Repairing and Maintaining Mechanical Equipment
Repairing and Maintaining Electronic Equipment
""Oral Expression
Oral Comprehension
Written Comprehension
Speech Clarity
Written Expression
Deductive Reasoning
Inductive Reasoning
Problem Sensitivity
Speech Recognition
Fluency of Ideas
Information Ordering
Near Vision
Originality
Category Flexibility
Mathematical Reasoning
Number Facility
Memorization""
""Social
Investigative""
""Dependability
Leadership
Integrity
Analytical Thinking
Adaptability/Flexibility
Achievement/Effort
Cooperation
Initiative
Attention to Detail
Innovation
Concern for Others
Social Orientation
Independence
Stress Tolerance
Self-Control
Persistence""
Oral Expression
Oral Comprehension
Written Comprehension
Speech Clarity
Written Expression
Deductive Reasoning
Inductive Reasoning
Problem Sensitivity
Speech Recognition
Fluency of Ideas
Information Ordering
Near Vision
Originality
Category Flexibility
Mathematical Reasoning
Number Facility
Memorization
Dependability
Leadership
Integrity
Analytical Thinking
Adaptability/Flexibility
Achievement/Effort
Cooperation
Initiative
Attention to Detail
Innovation
Concern for Others
Social Orientation
Independence
Stress Tolerance
Self-Control
Persistence
Social
Investigative",,,,,,,,,,,,,,,,,,
Agricultural Technicicans,"Getting Information
Documenting/Recording Information
Communicating with Supervisors, Peers, or Subordinates
Monitoring Processes, Materials, or Surroundings
Processing Information
Identifying Objects, Actions, and Events
Updating and Using Relevant Knowledge
Making Decisions and Solving Problems
Estimating the Quantifiable Characteristics of Products, Events, or Information
Evaluating Information to Determine Compliance with Standards
Analyzing Data or Information
Organizing, Planning, and Prioritizing Work
Inspecting Equipment, Structures, or Materials
Interpreting the Meaning of Information for Others
Working with Computers
Thinking Creatively
Scheduling Work and Activities
Judging the Qualities of Objects, Services, or People
Performing General Physical Activities
Controlling Machines and Processes
Training and Teaching Others
Operating Vehicles, Mechanized Devices, or Equipment
Developing Objectives and Strategies
Monitoring and Controlling Resources
Communicating with People Outside the Organization
Establishing and Maintaining Interpersonal Relationships
Performing Administrative Activities
Handling and Moving Objects
Coordinating the Work and Activities of Others
Providing Consultation and Advice to Others
Coaching and Developing Others
Guiding, Directing, and Motivating Subordinates
Repairing and Maintaining Mechanical Equipment
Repairing and Maintaining Electronic Equipment
Assisting and Caring for Others
Performing for or Working Directly with the Public
Resolving Conflicts and Negotiating with Others
Developing and Building Teams
Drafting, Laying Out, and Specifying Technical Devices, Parts, and Equipment
Staffing Organizational Units
Selling or Influencing Others
""Written Comprehension
Near Vision
Oral Comprehension
Oral Expression
Problem Sensitivity
Written Expression
Information Ordering
Deductive Reasoning
Inductive Reasoning
Category Flexibility
Mathematical Reasoning
Number Facility
Flexibility of Closure
Visual Color Discrimination
Fluency of Ideas
Originality
Perceptual Speed
Selective Attention
Arm-Hand Steadiness
Finger Dexterity
Control Precision
Speech Recognition
Speech Clarity""
Realistic
""Attention to Detail
Integrity
Dependability
Analytical Thinking
Achievement/Effort
Concern for Others
Leadership
Independence
Initiative
Cooperation
Social Orientation
Adaptability/Flexibility
Self-Control
Innovation
Persistence
Stress Tolerance""",,,,,,,,,,,,,,,,,,
Air Traffic Controllers,"Making Decisions and Solving Problems
Identifying Objects, Actions, and Events
Getting Information
Monitoring Processes, Materials, or Surroundings
Processing Information
Communicating with Supervisors, Peers, or Subordinates
Updating and Using Relevant Knowledge
Training and Teaching Others
Analyzing Data or Information
Evaluating Information to Determine Compliance with Standards
Thinking Creatively
Organizing, Planning, and Prioritizing Work
Performing for or Working Directly with the Public
Coaching and Developing Others
Working with Computers
Estimating the Quantifiable Characteristics of Products, Events, or Information
Documenting/Recording Information
Communicating with People Outside the Organization
Interpreting the Meaning of Information for Others
Establishing and Maintaining Interpersonal Relationships
Developing Objectives and Strategies
Inspecting Equipment, Structures, or Materials
Coordinating the Work and Activities of Others
Judging the Qualities of Objects, Services, or People
Developing and Building Teams
Resolving Conflicts and Negotiating with Others
Scheduling Work and Activities
Guiding, Directing, and Motivating Subordinates
Providing Consultation and Advice to Others
Controlling Machines and Processes
Assisting and Caring for Others
Performing Administrative Activities
Monitoring and Controlling Resources
Handling and Moving Objects
Staffing Organizational Units
Drafting, Laying Out, and Specifying Technical Devices, Parts, and Equipment
Selling or Influencing Others
Performing General Physical Activities
Repairing and Maintaining Electronic Equipment
Problem Sensitivity
Oral Comprehension
Oral Expression
Selective Attention
Deductive Reasoning
Inductive Reasoning
Speed of Closure
Flexibility of Closure
Perceptual Speed
Time Sharing
Near Vision
Far Vision
Speech Clarity
Information Ordering
Speech Recognition
Written Comprehension
Category Flexibility
Visualization
Auditory Attention
Written Expression
Fluency of Ideas
Originality
Mathematical Reasoning
Number Facility
Memorization
Visual Color Discrimination
Enterprising
Stress Tolerance
Attention to Detail
Dependability
Adaptability/Flexibility
Persistence
Achievement/Effort
Self-Control
Analytical Thinking
Cooperation
Initiative
Integrity
Leadership
Independence
Concern for Others
Innovation
Social Orientation",,,,,,,,,,,,,,,,,,
Air Cargo Handling Supervisors,"Getting Information
Communicating with Supervisors, Peers, or Subordinates
Evaluating Information to Determine Compliance with Standards
Making Decisions and Solving Problems
Coordinating the Work and Activities of Others
Updating and Using Relevant Knowledge
Handling and Moving Objects
Guiding, Directing, and Motivating Subordinates
Identifying Objects, Actions, and Events
Organizing, Planning, and Prioritizing Work
Operating Vehicles, Mechanized Devices, or Equipment
Monitoring Processes, Materials, or Surroundings
Inspecting Equipment, Structures, or Materials
Working with Computers
Scheduling Work and Activities
Developing and Building Teams
Establishing and Maintaining Interpersonal Relationships
Training and Teaching Others
Processing Information
Coaching and Developing Others
Performing for or Working Directly with the Public
Documenting/Recording Information
Communicating with People Outside the Organization
Controlling Machines and Processes
Performing General Physical Activities
Performing Administrative Activities
Resolving Conflicts and Negotiating with Others
Estimating the Quantifiable Characteristics of Products, Events, or Information
Judging the Qualities of Objects, Services, or People
Interpreting the Meaning of Information for Others
Monitoring and Controlling Resources
Thinking Creatively
Analyzing Data or Information
Assisting and Caring for Others
Developing Objectives and Strategies
Staffing Organizational Units
Repairing and Maintaining Electronic Equipment
Providing Consultation and Advice to Others
Selling or Influencing Others
Repairing and Maintaining Mechanical Equipment
Drafting, Laying Out, and Specifying Technical Devices, Parts, and Equipment
Oral Comprehension
Oral Expression
Problem Sensitivity
Deductive Reasoning
Far Vision
Selective Attention
Multilimb Coordination
Near Vision
Perceptual Speed
Speech Recognition
Information Ordering
Flexibility of Closure
Visualization
Time Sharing
Static Strength
Speech Clarity
Written Comprehension
Written Expression
Inductive Reasoning
Category Flexibility
Trunk Strength
Auditory Attention
Fluency of Ideas
Speed of Closure
Arm-Hand Steadiness
Manual Dexterity
Rate Control
Reaction Time
Extent Flexibility
Depth Perception
Enterprising",,,,,,,,,,,,,,,,,,
Air Craft Mechanics and technicicans ,"Getting Information
Documenting/Recording Information
Inspecting Equipment, Structures, or Materials
Evaluating Information to Determine Compliance with Standards
Repairing and Maintaining Mechanical Equipment
Identifying Objects, Actions, and Events
Monitoring Processes, Materials, or Surroundings
Updating and Using Relevant Knowledge
Communicating with Supervisors, Peers, or Subordinates
Making Decisions and Solving Problems
Operating Vehicles, Mechanized Devices, or Equipment
Working with Computers
Handling and Moving Objects
Repairing and Maintaining Electronic Equipment
Controlling Machines and Processes
Analyzing Data or Information
Organizing, Planning, and Prioritizing Work
Judging the Qualities of Objects, Services, or People
Interpreting the Meaning of Information for Others
Processing Information
Thinking Creatively
Training and Teaching Others
Developing Objectives and Strategies
Drafting, Laying Out, and Specifying Technical Devices, Parts, and Equipment
Establishing and Maintaining Interpersonal Relationships
Coordinating the Work and Activities of Others
Coaching and Developing Others
Performing General Physical Activities
Assisting and Caring for Others
Estimating the Quantifiable Characteristics of Products, Events, or Information
Scheduling Work and Activities
Guiding, Directing, and Motivating Subordinates
Developing and Building Teams
Performing Administrative Activities
Providing Consultation and Advice to Others
Resolving Conflicts and Negotiating with Others
Communicating with People Outside the Organization
Monitoring and Controlling Resources
Performing for or Working Directly with the Public
Selling or Influencing Others
Staffing Organizational Units
Written Comprehension
Problem Sensitivity
Information Ordering
Finger Dexterity
Control Precision
Arm-Hand Steadiness
Manual Dexterity
Near Vision
Deductive Reasoning
Inductive Reasoning
Multilimb Coordination
Oral Expression
Oral Comprehension
Written Expression
Flexibility of Closure
Visual Color Discrimination
Perceptual Speed
Visualization
Hearing Sensitivity
Speech Recognition
Category Flexibility
Selective Attention
Reaction Time
Extent Flexibility
Auditory Attention
Speech Clarity
Realistic
Attention to Detail
Integrity
Dependability
Persistence
Self-Control
Initiative
Adaptability/Flexibility
Achievement/Effort
Stress Tolerance
Independence
Leadership
Analytical Thinking
Cooperation
Innovation
Social Orientation
Concern for Others",,,,,,,,,,,,,,,,,,
"Aircraft Structure, Service, Rigging and System Assemblers","Controlling Machines and Processes
Monitoring Processes, Materials, or Surroundings
Getting Information
Inspecting Equipment, Structures, or Materials
Documenting/Recording Information
Handling and Moving Objects
Updating and Using Relevant Knowledge
Organizing, Planning, and Prioritizing Work
Thinking Creatively
Communicating with Supervisors, Peers, or Subordinates
Making Decisions and Solving Problems
Evaluating Information to Determine Compliance with Standards
Establishing and Maintaining Interpersonal Relationships
Estimating the Quantifiable Characteristics of Products, Events, or Information
Processing Information
Judging the Qualities of Objects, Services, or People
Identifying Objects, Actions, and Events
Analyzing Data or Information
Training and Teaching Others
Performing General Physical Activities
Scheduling Work and Activities
Drafting, Laying Out, and Specifying Technical Devices, Parts, and Equipment
Working with Computers
Coordinating the Work and Activities of Others
Communicating with People Outside the Organization
Developing Objectives and Strategies
Guiding, Directing, and Motivating Subordinates
Repairing and Maintaining Electronic Equipment
Operating Vehicles, Mechanized Devices, or Equipment
Developing and Building Teams
Monitoring and Controlling Resources
Repairing and Maintaining Mechanical Equipment
Interpreting the Meaning of Information for Others
Coaching and Developing Others
Performing Administrative Activities
Assisting and Caring for Others
Providing Consultation and Advice to Others
Resolving Conflicts and Negotiating with Others
Staffing Organizational Units
Selling or Influencing Others
Performing for or Working Directly with the Public
""Problem Sensitivity
Near Vision
Finger Dexterity
Information Ordering
Visualization
Manual Dexterity
Oral Comprehension
Written Comprehension
Deductive Reasoning
Arm-Hand Steadiness
Control Precision
Extent Flexibility
Speech Recognition
Oral Expression
Inductive Reasoning
Category Flexibility
Perceptual Speed
Selective Attention
Multilimb Coordination
Auditory Attention
Speech Clarity""
Realistic
Attention to Detail
Dependability
Integrity
Cooperation
Initiative
Adaptability/Flexibility
Achievement/Effort
Self-Control
Persistence
Independence
Concern for Others
Stress Tolerance
Social Orientation
Innovation
Leadership
Analytical Thinking",,,,,,,,,,,,,,,,,,
Airfield Operations Speacialists,"Inspecting Equipment, Structures, or Materials
Operating Vehicles, Mechanized Devices, or Equipment
Evaluating Information to Determine Compliance with Standards
Identifying Objects, Actions, and Events
Communicating with Supervisors, Peers, or Subordinates
Getting Information
Making Decisions and Solving Problems
Documenting/Recording Information
Updating and Using Relevant Knowledge
Monitoring Processes, Materials, or Surroundings
Organizing, Planning, and Prioritizing Work
Judging the Qualities of Objects, Services, or People
Working with Computers
Processing Information
Establishing and Maintaining Interpersonal Relationships
Training and Teaching Others
Coordinating the Work and Activities of Others
Communicating with People Outside the Organization
Resolving Conflicts and Negotiating with Others
Coaching and Developing Others
Performing Administrative Activities
Performing for or Working Directly with the Public
Developing and Building Teams
Analyzing Data or Information
Controlling Machines and Processes
Guiding, Directing, and Motivating Subordinates
Scheduling Work and Activities
Interpreting the Meaning of Information for Others
Handling and Moving Objects
Developing Objectives and Strategies
Performing General Physical Activities
Staffing Organizational Units
Estimating the Quantifiable Characteristics of Products, Events, or Information
Assisting and Caring for Others
Providing Consultation and Advice to Others
Thinking Creatively
Monitoring and Controlling Resources
Repairing and Maintaining Mechanical Equipment
Repairing and Maintaining Electronic Equipment
Selling or Influencing Others
Drafting, Laying Out, and Specifying Technical Devices, Parts, and Equipment
Problem Sensitivity
Deductive Reasoning
Oral Comprehension
Written Comprehension
Oral Expression
Inductive Reasoning
Speech Clarity
Written Expression
Information Ordering
Near Vision
Far Vision
Flexibility of Closure
Perceptual Speed
Selective Attention
Speech Recognition
Category Flexibility
Visualization
Time Sharing
Auditory Attention
Enterprising
Dependability
Attention to Detail
Integrity
Stress Tolerance
Cooperation
Adaptability/Flexibility
Leadership
Independence
Initiative
Achievement/Effort
Persistence
Analytical Thinking
Self-Control
Concern for Others
Social Orientation
Innovation",,,,,,,,,,,,,,,,,,